,src,hyp_bi,hyp_uni_waco,ref
0,"He said, ""I'm so proud of you."" And I have to tell you, it was energizing.","""Dijo: """"Estoy muy orgulloso de ti"""". Y tengo que decirles que fue energizante.""","""Él dijo: """"Estoy muy orgulloso de ti"""". Y debo decirles que fue energizante.""","Y me susurró en el oído, me dijo: ""Estoy orgulloso de Ud."". Tengo que decirles ahora que eso fue vigorizante."
1,"Evolution is all about passing on the genome to the next generation, adapting and surviving through generation after generation.","La evolución consiste en transmitir el genoma a la siguiente generación, adaptarse y sobrevivir generación tras generación.","La evolución se trata de transmitir el genoma a la siguiente generación, de adaptarse y sobrevivir generación tras generación.",La evolución consiste en pasar el genoma a la próxima generación; adaptándose y superviviendo generación tras generación.
2,So the first steps of the story that I told you about took a billion years a piece.,Así que los primeros pasos de la historia que les conté tomaron mil millones de años cada uno.,"Así que los primeros pasos en la historia, sin embargo, llaman la atención.",Las primeras etapas de la historia que les contaba llevaron mil millones de años cada una.
3,"Where I ran into the most heat from this most recently was last year when South African runner, Caster Semenya, had her sex called into question at the International Games in Berlin.",Donde me encontré con la mayor reacción a esto fue el año pasado cuando la corredora sudafricana Caster Semenya tuvo su sexo cuestionado en los Juegos Internacionales de Berlín.,Lo más reciente de lo que me enteré de esto fue el año pasado cuando la corredora sudafricana Caster Semenya tuvo su sexo cuestionado en los Juegos Internacionales de Berlín.,El caso reciente más álgido es del año pasado con la corredora sudafricana Caster Semenya; se puso en tela de juicio su sexo en los Juegos Internacionales de Berlín.
4,"Yet I am afraid of privilege, of ease, of entitlement. Can I give them a bow in their lives, dipping bravely into each wave, the unperturbed and steady beat of the engine, the vast horizon that guarantees nothing? I don't know. But if I could give it and still see them safely through, I would.","Sin embargo, tengo miedo del privilegio, de la facilidad, de los derechos. ¿Puedo darles un saludo en sus vidas, sumergiéndome valientemente en cada ola? ¿El latido tranquilo y constante del motor? ¿El vasto horizonte que no garantiza nada? No lo sé. Pero si pudiera darlo y aún así verlos a salvo, lo haría. (Aplausos)","Sin embargo, tengo miedo al privilegio, a la facilidad, a los derechos. ¿Puedo darles una oportunidad en sus vidas, arriesgándome en cada ola? ¿El ritmo constante y firme del motor? ¿El vasto horizonte que no garantiza nada? No lo sé, pero si pudiera darles una oportunidad y aún así verlos con seguridad, lo haría. (Aplausos)","Sin embargo, le temo al privilegio de lo fácil, del derecho. ¿Puedo darles una proa en sus vidas, sumergiéndose valiente en cada ola, el impávido ritmo constante del motor, el vasto horizonte que no garantiza nada? No lo sé. Pero si pudiera darlo y verlos a salvo, lo haría."
5,This is a chart of what it looked like.,Este es un gráfico de cómo se veía.,Este es un gráfico de cómo se veía.,Este gráfico muestra la frecuencia de uso.
6,"We're near the end, we're getting close to the World Series.",Nos estamos acercando a la teoría del mundo.,"Estamos aquí al final, cerca de las teorías del mundo.","Estamos cerca de la final, se aproxima la Serie Mundial."
7,"So what you were getting was this: Your name here presents: My TED Talk that you have no idea what the subject is and, depending on the content, could ultimately blow up in your face, especially if I make you or your company look stupid for doing it.","""Así que lo que tenían era esto: """"Su nombre aquí presenta mi charla TED"""". No tenían idea del tema, y dependiendo del contenido, podría explotar en su cara, especialmente si los hacía parecer tontos por hacerlo.""","Así que lo que se obtiene es esto: tu nombre aquí presenta mi charla TED que no tienes ni idea del tema, dependiendo del contenido, podría explotar en tu cara, especialmente si te hago a ti o a tu empresa parecer tonto por hacerlo.","Lo que había era lo siguiente: ""AQUÍ SU NOMBRE presenta: mi TEDTalk de la que no tienen idea de qué se trata y según contenido podría explotarle en la cara, especialmente si lo pongo en ridículo a Ud o a su compañía al hacerlo."
8,And I claim it's already today that it's more likely for any of us to become the victim of a crime online than here in the real world.,Y sostengo que ya es más probable que cualquiera de nosotros sea víctima de un crimen en línea que aquí en la vida real.,Y afirmo que ya es más probable que cualquiera de nosotros sea víctima de un crimen en línea que aquí en el mundo real.,Y yo digo que hoy es más probable que cualquiera de nosotros sea víctima de un cibercrimen que de un crimen real.
9,"I'm Jessi, and this is my suitcase.",Soy Jesse y esta es mi maleta.,"Soy Jesse, y esta es mi maleta.","Soy Jessi, y esta es mi valija."
10,"I don't remember the pirates who came many times, but were bluffed by the bravado of the men on our boat, or the engine dying and failing to start for six hours.","No recuerdo a los piratas que vinieron muchas veces, pero fueron engañados por el bravado de los hombres en nuestro barco, o el motor que se apagó y no pudo arrancar durante seis horas.","No recuerdo a los piratas que vinieron muchas veces, pero fueron engañados por el blufo de los hombres en nuestro barco, o el motor que murió y no pudo arrancar durante seis horas.","No recuerdo a los piratas que vinieron varias veces, pero que fueron engañados con la valentía de los hombres en nuestro barco, o el motor muriendo y no pudiendo arrancar por 6 horas."
11,"Just a week ago, the National Academy of Engineering awarded its Draper Prize to Francis Arnold and Willem Stemmer, two scientists who independently developed techniques to encourage the natural process of evolution to work faster and to lead to desirable proteins in a more efficient way — what Frances Arnold calls ""directed evolution."" A couple of years ago, the Lasker Prize was awarded to the scientist Shinya Yamanaka for his research in which he took an adult skin cell, a fibroblast, and by manipulating just four genes, he induced that cell to revert to a pluripotential stem cell — a cell potentially capable of becoming any cell in your body.","Hace un par de años, el premio Lasker fue otorgado al científico Shinya Yamanaka por su investigación en la que tomó una célula adulta de la piel, una fibroblast, y mediante la manipulación de solo cuatro genes, indujo a esa célula a revertirse a una célula madre pluripotencial, una célula potencialmente capaz de convertirse en cualquier célula en el cuerpo.","""Hace de la célula de la célula de la célula de la célula de la célula de la célula de la célula de la célula de la célula de la célula de la célula de la célula de la célula de la célula de la célula de la célula de la célula de la célula de la célula de la célula de la célula de la célula de la célula de la célula de la célula de la célula de la célula de la célula de la célula de la célula de la célula de la célula de la célula de la célula de la célula de la célula de la célula de la célula de la célula de la célula de la célula de la célula de la célula de la célula de la célula de la célula de la célula de la célula de la célula de la célula de la célula de la célula de la célula de la célula de la célula de la célula de la célula de la célula de la célula de la célula de la célula de la célula de la célula de la célula de la célula de la célula de la célula de la célula de la célula de la célula de la célula de la célula de la célula de la célula de la célula de la célula de la célula de la célula de la célula de la célula de la célula de la célula de la célula de la célula de la célula de la célula de la célula de la célula de la célula de la célula de la célula de la célula de la célula de la célula de la célula de la célula de la célula de la célula de la célula de la célula de la célula de la célula de la célula de la célula de la célula de la célula de la célula de la célula de la célula de la célula de la célula de la célula de la célula de la célula de la célula de la célula de la célula de la célula de la célula de la célula de la célula de la célula de la célula de la célula de","Hace apenas una semana la Academia Nacional de Ingeniería otorgó su Premio Draper a Francis Arnold y Willem Stemmer, dos científicos que desarrollaron técnicas en forma independiente para hacer que el proceso evolutivo natural funcione más rápido y conduzca a proteínas deseables de manera más eficiente; lo que Frances Arnold llama « evolución dirigida ». Hace un par de años, el Premio Lasker fue otorgado al científico Shinya Yamanaka por su investigación en la que tomó una célula adulta de la piel, un fibroblasto, y manipulándole sólo cuatro genes indujo a esa célula a que se vuelva una célula madre pluripotencial: una célula capaz, en potencia, de volverse cualquier célula del cuerpo."
12,"And so I started playing around, and I found something going on over here.",Así que empecé a jugar y encontré algo que pasaba aquí.,Así que empecé a jugar y encontré algo que pasaba aquí.,"Así es que empecé a jugar, y me encontré con algo que sucedía ahí."
13,We told her stories and assured her that we were still with her.,Le contamos historias y le aseguramos que aún estábamos con ella.,Contábamos sus historias y nos quedábamos con ella.,Le contamos historias y le aseguramos que estábamos aún con ella.
14,"And I made myself a bargain that if only I redouble my efforts to be perfect and never make another mistake again, please make the voices stop. And they did. And I went back to work. And then it happened again.","""Y me hice una promesa, que si solo redoblaba mis esfuerzos para ser perfecto y nunca cometía otro error de nuevo, por favor, que las voces se detuvieran """". Y lo hicieron. Y volví a trabajar, y entonces sucedió de nuevo.""","""Y me hago una promesa: """"Si tan solo doblara mis esfuerzos por ser perfecta, y nunca cometiera otro error otra vez"""". Por favor, detengan la voz. Y no lo hicieron. Volví a trabajar, y sucedió de nuevo.""","E hice un trato conmigo mismo en el que si redoblaba los esfuerzos para ser perfecto para no cometer más errores, haría cesar esas voces. Y así fue. Volví a trabajar, pero volvió a suceder."
15,"Then the next steps, like language and so on, took less than a million years.","Los siguientes pasos, como el lenguaje y demás, tomaron menos de un millón.","El siguiente paso, como Linda Wachner y alguien, podría ser menos de un millón.","Las siguientes, el lenguaje etc., llevaron menos de un millón de años."
16,They don't talk about God and God's nature.,No hablan de Dios y de la naturaleza de Dios.,No hablan de Dios ni de su naturaleza.,No hablan de Dios y de la naturaleza de Dios.
17,We at Berkeley Bionics call these robots exoskeletons.,"Nosotros somos Portable Bionix, llamamos a estos robots.",Nosotros llamamos a estos robots Cog.,"En ""Berkely Bionics"" llamamos a estos robots, exoesqueletos."
18,"There's the left half, which is the logical side, and then the right half, which is the intuitive.","Está la mitad izquierda, que es lógica, y la mitad derecha, que es intuitiva.","Ahí está la mitad izquierda, que es el lado lógico, y luego la mitad derecha, que es el intuitivo.","El lado izquierdo, que es la parte lógica, y el lado derecho, que es la parte intuitiva."
19,We're trying to do something about the death penalty.,Estamos tratando de hacer algo sobre el país de los muertos.,Estamos tratando de hacer algo al respecto.,Tratamos de hacer algo respecto a la pena de muerte.
20,We'll come back to these people later.,Volveremos a esta gente más adelante.,Volveremos a esta gente más adelante.,Volveremos a hablar de ellos más tarde.
21,"But then what happened was the individuals worked out, of course, tricks of communicating.",Y luego lo que pasó fue que los individuos desarrollaron los trucos básicos de la comunicación.,"Entonces, ¿qué pasó cuando los individuos trabajaron en comunicación estricta?","Pero luego, claro, los individuos descubrieron el truco de la comunicación."
22,"And the adrenal glands make androgens, which are a masculinizing hormone.","Y las glándulas adrenales producen andrógenos, que son hormonas masculinizantes.","Y las glándulas eréctiles producen angiogénicos, que son hormonas masculinas.","Las glándulas suprarrenales producen andrógenos, la hormona de la masculinización."
23,We've all got navigation controls in our car. We maybe even have it in our cellphone.,"Tenemos control de navegación en nuestro auto, quizá incluso en nuestro celular.","Tenemos controles de navegación en nuestros autos, quizá incluso en nuestros teléfonos móviles.",Todos tenemos controles de navegación en los autos; tal vez incluso los tengamos en nuestros celulares.
24,And so the next stage that's interesting in life took about another billion years.,"Así que la siguiente etapa, que es interesante en la vida, tomó otros mil millones de años.","Y la siguiente etapa, que es interesante en la vida, es otro millón de años.",La siguiente etapa interesante para la vida llevó otros mil millones de años.
25,This is the real cool part.,Esta es la parte genial.,Esta es la parte genial.,Esta es la parte realmente genial.
26,No one has to green-light your idea.,Nadie tiene que dar la luz verde a tu idea.,Nadie tiene que dar luz verde a tu idea.,No pidan permiso para expresar sus ideas.
27,It is a jigsaw puzzle still being put together.,Es un rompecabezas gigantesco todavía en construcción.,Es un rompecabezas todavía en construcción.,Es un rompecabezas que todavía se está armando.
28,The whole building is made of water.,Todo el edificio está hecho de agua.,Todo el edificio está hecho de agua.,Todo el edificio está hecho de agua.
29,"And by the way, we immigrate and circulate and intermix so much that you can't any longer have the isolation that is necessary for evolution to take place.","Y por cierto, nos inmigramos, circulamos e intercambiamos tanto que ya no podemos tener el aislamiento necesario para que la evolución se dé.","Y, por cierto, nosotros inmigramos, circulamos y mezclamos tanto que ya no se puede tener el aislamiento que es necesario para que ocurra la evolución.","Y, por cierto, migramos, circulamos, y nos entremezclamos tanto que ya no es posible tener el aislamiento necesario para que ocurra la evolución."
30,"Another quick example about sensing: it's not about people, but about things we use and consume.","Otro ejemplo rápido sobre la percepción, no es sobre las personas, sino sobre las cosas que usamos y consumimos.","En otro ejemplo de detección, no se trata de personas, sino de cosas que usamos y consumimos.","Otro ejemplo rápido de detección: no se trata de gente, sino de cosas que usamos y consumimos."
31,Y'all go ahead.,Así que adelante.,Así que sigue adelante.,"Uds. pueden seguir ""."
32,"We set up a website, and asked the crowd, ""If you see an AED, please submit it, tell us where it is, tell us when it's open,"" since sometimes in office hours it's closed, of course.","""Y creamos un sitio web y le pedimos a la gente: """"Si ven un DEA, por favor envíenoslo"""". """"Díganos dónde está"""". """"Díganos cuándo está abierto"""", ya que a veces en horario de oficina, está cerrado, por supuesto.""","Así que creé un sitio web y le pedí a la gente que si veían un ADA, por favor lo enviaran, que nos dijeran dónde estaba, cuándo estaba abierto, ya que a veces en las oficinas está cerrado, por supuesto.","Creamos un sitio Web, Y le pedimos al público que: ” Si ven un DESA, por favor envíenlo, díganos dónde, y cuándo está abierto ”, ya que a veces abren en horarios de oficina y otras están cerrados."
33,"Other than writing a check, what could we do?","Aparte de escribir un cheque, ¿qué podríamos hacer?","Aparte de escribir un cheque, ¿qué podríamos hacer?",Algo que no sea un cheque. ¿Qué podemos hacer?
34,"I don't know if you know this, but bacteria can actually exchange DNA.","No sé si lo saben, pero las bacterias pueden intercambiar ADN.","Y quizá lo sepan, pero las bacterias pueden intercambiar genes.","No sé si lo saben, pero las bacterias pueden intercambiar ADN."
35,"But today, we have a situation where we want to take vital organs out of beings and give them to other beings.","Pero hoy, tenemos una situación en la que queremos extraer órganos vitales de seres y darlos a otros seres.",Pero hoy tenemos una situación en la que queremos tomar órganos vitales de seres y darlos a otros seres.,"Pero hoy podemos, por ejemplo, extraer órganos vitales de un cuerpo y ponerlos en otro cuerpo."
36,"My mother was exhausted each night, but we told one another about our day and listened to the movements of my grandmother around the house.","Mi madre estaba agotada cada noche, pero nos contábamos el día y escuchábamos los movimientos de mi abuela en la casa.","Mi madre estaba agotada cada noche, pero nos contábamos el día y escuchábamos los movimientos de mi abuela en la casa.","Mi madre estaba exhausta cada noche, pero nos contábamos sobre nuestro día y escuchábamos los movimientos de nuestra abuela en la casa."
37,"As a consequence, the body develops more along the female typical path.","Como consecuencia, el cuerpo desarrolla más a lo largo del camino típico femenino.","Como consecuencia, el cuerpo se desarrolla más en el camino típico de la hembra.","Como consecuencia, el cuerpo se desarrolla siguiendo un curso típicamente femenino."
38,"And ask all of our colleagues in the rest of the world, colleague universities, to help us to find and work and act like a hub to crowdsource all these AEDs all around the world, that whenever you're on holiday and somebody collapses, might it be your own relative or someone just in front of you, you can find this.","Y le pedimos a todos los colegas de nosotros en el resto del mundo, a las universidades colegas, que nos ayuden a luchar y trabajar y actuar como un grupo de apoyo, a recolectar todos estos AEDs alrededor del mundo, que cuando estén de vacaciones y alguien se desmaye, podrían ser sus propios familiares o alguien justo frente a Uds., pueden encontrar esto.","Y pedimos a todos nuestros colegas en el resto del mundo, universidades colegas, que nos ayuden a encontrar y trabajar y actuar como un grupo de apoyo para todos estos AIDS alrededor del mundo, que cuando estén en vacaciones y alguien se enferme, podrían ser sus propios familiares, o alguien justo frente a Uds., pueden encontrar esto.","Estamos consultando a todos los colegas en el mundo, en otras universidades, para que nos ayuden a encontrar, trabajar y actuar como un centro para el crowdsourcing de los DESA en todo el mundo."
39,"So the system is evolving to create backups that make it easier to detect those mistakes that humans inevitably make and also fosters in a loving, supportive way places where everybody who is observing in the health care system can actually point out things that could be potential mistakes and is rewarded for doing so, and especially people like me, when we do make mistakes, we're rewarded for coming clean.","Así que el sistema está evolucionando para crear retroalimentación que haga más fácil detectar esos errores que los humanos inevitablemente cometemos, y también fomenta, de una manera amorosa y apoyadora, lugares donde todos los que están observando en el sistema de salud pueden señalar cosas que podrían ser errores potenciales, y se les recompensa por hacerlo, y especialmente a personas como yo, cuando cometemos errores, se nos recompensa por salir limpios.","Así que el sistema se ha evolucionado para crear señales que faciliten la detección de esos errores que los humanos inevitablemente cometemos, y también fomenta, de manera amorosa, lugares donde todo el mundo puede venir a observar el sistema de salud y realmente señalar cosas que podrían ser errores potenciales, y es recompensado por hacerlo uno mismo, y especialmente a personas como yo, cuando cometemos errores, se nos recompensa por estar limpios.","Pero el sistema está evolucionando para crear soportes que permitan detectar de manera simple esos errores que inevitablemente cometemos los humanos. Y además promover el apoyo y el cariño, espacios desde donde lo que observen en el sistema de salud, puedan detectar errores potenciales y ser recompensados por eso; especialmente a personas como yo, para que al cometer errores seamos retribuidos por admitirlos."
40,"We've got to put that bear in a cage. (Laughter) Embrace fear. Embrace risk. One big spoonful at a time, we have to embrace risk.","Tenemos que poner ese oso en una jaula. (Risas) Aceptar el miedo. Aceptar el riesgo. Un cucharón a la vez, tenemos que aceptar el riesgo.","Tenemos que poner ese oso en una jaula. (Risas) Adoptar el miedo, adoptar el riesgo. (Risas) Un cucharón a la vez, tenemos que adoptar el riesgo.","Tenemos que poner a ese oso en una jaula. (Risas) Abracemos el miedo. Abracemos el riesgo. De a una cucharada a la vez, tenemos que abrazar el riesgo."
41,Have a look what she's doing.,Miren lo que está haciendo.,Miren lo que está haciendo.,Miren lo que está haciendo ella.
42,Eating an entire bowl of Cool Whip. (Laughter) That's very risky.,Comer todo un tazón de helado. (Risas) Eso es muy arriesgado.,Comer todo un tazón de helado. (Risas) (Aplausos) Eso es muy arriesgado.,Comerse un tazón entero de Cool Whip. (Risas) Eso es muy arriesgado.
43,That's a painting of a circle.,Es una pintura de un círculo.,Esa es una pintura de un círculo.,Esa es la pintura de un círculo.
44,"And he knew her, he would have been able to furnish additional information about her.",Y él sabía que habría podido proporcionar información adicional sobre ella.,Y él sabía que habría podido obtener información digital sobre ella.,"Y si mi jefe la hubiera visto, habría podido aportar información complementaria."
45,"Multiple Announcers: Drug war. Mass destruction. Tornado. Recession. Default. Doomsday. Egypt. Syria. Crisis. Death. Disaster. Oh, my God.","♪ ♪ El maestro de la estructura de la torre, ♪ ♪ la recesión de Detroit, ♪ ♪ la crisis de Siria, ♪ ♪ el desastre de Myanmar.","La guerra civil, la destrucción masiva, la recesión, la deflación, dan a Siria precio, muerte, desastre desde el cielo.","Varios locutores: Guerra al narcotráfico. Destrucción masiva. Tornado. Recesión. Bancarrota. Juicio final. Egipto. Siria. Crisis. Muerte. Desastre. ¡Oh, Dios mío!"
46,"Its flexible design allows for deep squats, crawls and high-agility movements.","Su diseño flexible permite agachamientos profundos, gateos y movimientos de alta agilidad.","Tiene un diseño flexible, permite posturas profundas, gateos y movimientos de alta agilidad.","Su diseño flexible, permite ponerse en cuclillas arrastrarse y ejecutar movimientos con gran agilidad."
47,"And the next steps, like nervous systems and brains, took a few hundred million years.","Y los siguientes pasos, como los sistemas nerviosos y cerebros, tomaron unos cientos de millones de años.","Y el siguiente paso, como los sistemas nerviosos y cerebros, tomó unos cientos de millones de años.","Las siguientes etapas, el sistema nervioso y el cerebro, llevó unos cientos de millones de años."
48,"But combined in a certain way, they can create something that still looks three-dimensional, like it could exist.","Pero combinados de cierta manera, pueden crear algo que todavía se ve tridimensional, como si pudiera existir.","Pero combinados de cierta manera, pueden crear algo que parece tridimensional, como si existiera.",Pero combinados de cierta manera pueden crear algo que aún parece tridimensional; como si existiera.
49,Only about 12 percent of the decisions did they make an hour or more of their time.,Sólo el 12% de las decisiones que tomaron en una hora o más de su tiempo.,Sólo el 12% de las decisiones que toman y una hora o más de su tiempo.,Sólo un 12% requirieron una hora o más de su tiempo.
50,"If they found a paper which had the wrong kind of thought, they could track down who created that thought.","Si encontraron el artículo que tenía un pensamiento equivocado, podrían rastrear quién creó ese pensamiento.","Descubrió el artículo que tenía pensamientos erróneos, y lo rastreó hasta que lo creó.",Si encontraban un escrito con el mensaje incorrecto podrían rastrear la huella hasta el origen de la idea.
51,"Words, for so long his friends, now mocked him.","Palabras durante tanto tiempo, sus amigos ahora se burlaban de él.","Durante mucho tiempo, sus amigos se burlaron de él.","Las palabras, por tanto tiempo amigas, ahora lo burlaban."
52,"So when I knew I was coming here to do a TED Talk that was going to look at the world of branding and sponsorship, I knew I would want to do something a little different.","Así que cuando supe que iba a venir aquí a dar una charla TED sobre el mundo de la marca y la patrocinio, supe que quería hacer algo un poco diferente.","Así que cuando supe que iba a venir aquí a través de una charla TED que iba a ver el mundo de la marca y la patrocinio, supe que quería hacer algo un poco diferente.",Así que cuando supe que vendría aquí a hacer una TEDTalk sobre el mundo de las marcas y el patrocinio quise hacer algo un poco diferente.
53,"And if you don't, someone can steal it from you.","Y si no, alguien puede robarlo.","Y si no, alguien puede robarlo.","Si no lo haces, alguien puede robártela."
54,"So the idea that we can actually involve people in doing this thing together, collectively.","Así que la idea de si podemos involucrar a la gente en hacer esto juntos, colectivamente.","Así que la idea que me llevó a involucrar a la gente en hacer esto juntos, colectivamente.","La idea es que podemos hacer que la gente se involucre en hacer esto juntos, de forma colectiva."
55,You hear a lot of talk about how quantum mechanics says that everything is all interconnected.,Se oye mucho hablar de cómo la mecánica cuántica dice que todo está interconectado.,Se oye mucho hablar de cómo la climática es que todo está interconectado.,Se oye hablar mucho acerca de que la mecánica cuántica afirma que todo está interconectado.
56,I wanted to restore health from disease.,Quería restaurar la salud de la enfermedad.,Quería restaurar la salud de la enfermedad.,Quería recuperar la salud en la enfermedad.
57,The next thing we looked at is in which case were people more likely to buy a jar of jam.,Lo siguiente que observamos es en qué casos la gente es más propensa a comprar un frasco de mermelada.,Lo siguiente que observamos es en qué casos la gente es más propensa a comprar un frasco de mermelada.,También nos fijamos en qué caso estaban más propensos a comprar un tarro de mermelada.
58,"We have online criminals. Like here, we have Mr. Dmitry Golubov, from the city of Kiev in Ukraine.","Tenemos criminales informáticos, como aquí tenemos al Sr. Dmitry Kolubov de la ciudad de Kiev en Ucrania.","Tenemos criminales informáticos, como aquí, tenemos al Sr. Andriy Bobikov de la ciudad de Kiev, en Ucrania.","Están los cibercriminales como el Sr. Dimitry Golubov de la ciudad de Kiev, en Ucrania."
59,This is not a question between privacy against security.,Esta no es una cuestión entre la privacidad y la seguridad.,Esta no es una cuestión de privacidad contra seguridad.,No es una cuestión de la privacidad contra la seguridad.
60,This is the call center for the services and information line.,Este es el centro de llamadas para el servicio de información.,Este es el centro de llamadas para la línea de información.,Este es el centro de atención telefónica de servicios e información.
61,"He said, ""I'm so proud of you."" And I have to tell you, it was energizing.","""Dijo: """"Estoy muy orgulloso de ti"""". Y tengo que decirles que fue energizante.""","""Él dijo: """"Estoy muy orgulloso de ti"""". Y debo decirles que fue energizante.""","Y me susurró en el oído, me dijo: ""Estoy orgulloso de Ud."". Tengo que decirles ahora que eso fue vigorizante."
62,It's probably the smallest of the 21 apps that the fellows wrote last year.,Es probablemente la más pequeña de las 21 aplicaciones que los compañeros escribieron el año pasado.,Es probablemente la más pequeña de las 21 aplicaciones que los compañeros escribieron el año pasado.,Quizá sea la más pequeña de las 21 aplicaciones programadas el año pasado.
63,"So what we're looking at is a little chunk of metal, and it's shaped like a diving board, and it's sticking out over a ledge.",Lo que estamos viendo es un pedazo de metal con forma de tabla de buceo que sobresale sobre una cornisa.,Estamos viendo un pedazo de metal en forma de tabla de buceo que sobresale sobre un borde.,"Lo que vemos es un pequeño pedacito de metal, con forma de trampolín y que sobresale apoyado en una plataforma."
64,"But play's a shapeshifter. (Laughter) Play's a shapeshifter, and it can take many forms, some of which are more quiet, imaginative, curious — maybe where wonder is discovered anew.","Pero colocar un cambiador de forma. (Risas) Sí, colocar un cambiador de forma, y puede adoptar muchas formas, y algunas de las cuales son más silenciosas, imaginativas, curiosas, tal vez donde se descubre algo nuevo.","Pero el lugar puede cambiar. (Risas) El lugar puede cambiar, y puede tomar muchas formas, y algunas de las cuales son más silenciosas, imaginativas, curiosas, quizá maravillosas, desconocidas.","Pero el juego es polimórfico. (Risas) El juego es polimórfico, puede adoptar muchas formas, algunas de las cuales son más tranquilas, imaginativas, curiosas... quizá el lugar donde se redescubre el asombro."
65,And then at my worst moments: Why did I make such a stupid mistake? Why did I go into medicine?,"Y en mis peores momentos, ¿por qué cometí un error tan estúpido? ¿Por qué estudié medicina?","Y luego, en mis peores momentos, ¿por qué cometí un error y por qué estudié medicina?",Y en mis peores momentos: ¿Por qué cometí un error tan tonto? ¿Por qué elegí medicina?
66,"That's only online — no print, no TV.","Solo en línea, sin impresión ni televisión.","Sólo en línea, sin impresión ni televisión.","Eso es sólo en línea... ni prensa, ni TV."
67,"If you could bring up the lights higher, because I'm just going to use a piece of paper here. Now why do we draw technology curves in semi-log curves?","Ahora, ¿por qué dibujamos curvas de tecnología y curvas de Moore?","Ahora, ¿por qué dibujamos curvas de tecnología y curvas largas?",Necesitaría más intensidad porque escribiré sobre papel. ¿Por qué graficamos curvas tecnológicas en escalas logarítmicas?
68,And that's what these brands did.,Y eso es lo que hicieron estas marcas.,Y eso es lo que hicieron estas marcas.,Y eso es lo que hicieron estas marcas.
69,We're looking right there in the center.,Estamos mirando justo ahí en el centro.,Estamos mirando justo ahí en el centro.,Se encuentra justo en el centro.
70,He took a famous photo.,Tomó una foto famosa.,Tomó una famosa foto.,"Sacó una foto famosa. ¿Cómo se llamaba? ""Un pálido punto azul""."
71,"Eight years ago when I was at the Media Lab, I started exploring this idea of how to put the power of engineers in the hands of artists and designers.","Hace ocho años, cuando estaba en el Media Lab, empecé a explorar esta idea de cómo poner el poder de los ingenieros en manos de artistas y diseñadores.","Hace ocho años, cuando estaba en el Media Lab, empecé a explorar esta idea de cómo poner el poder de los ingenieros en manos de artistas y diseñadores.","Hace 8 años, cuando estaba en el Media Lab, comencé a explorar la idea de llevar el poder de los ingenieros a las manos de los artistas y diseñadores."
72,"One is called ""Jazz"" and the other one is called ""Swing."" If you think the display on the left is Swing and the display on the right is Jazz, clap your hands. (Light Clapping) Okay, there's some.","""Uno se llama """"jazz"""" y el otro """"swing"""". Si piensan que la pantalla de la izquierda es """"swing"""" y la de la derecha es """"jazz"""", aplaudan.""","""Una se llama """"Jazz"""", la otra """"Swing"""". Si piensan que la pantalla de la izquierda es """"Jazz"""" y la de la derecha es """"Swing"""", aplaudan.""","Una se llama ""Jazz"" y la otra, ""Swing"". Si piensan que la de la izquierda es Swing y la de la derecha es Jazz, den una palmada. (Pocos aplausos) Bueno, hay algunos."
73,"In a world where over two days of video get uploaded every minute, only that which is truly unique and unexpected can stand out in the way that these things have.","En un mundo donde más de dos días de video se suben cada minuto, solo lo que es verdaderamente único y inesperado puede destacarse como estas cosas.","En un mundo donde se suben más de dos días de video cada minuto, solo lo que es verdaderamente único y inesperado puede destacarse de la forma en que estas cosas lo hacen.","En un mundo en el que se suben dos días de video por minuto, sólo aquello verdaderamente único e inesperado puede destacarse del modo que estas cosas lo han hecho."
74,I call it the rising billion.,Lo llamo el creciente billón.,Lo llamo el crecimiento de los miles de millones.,Lo llamo los mil millones en aumento.
75,And I actually believe that the TED community needs to be more courageous.,Y realmente creo que la comunidad de TED necesita ser más valiente.,Y realmente creo que la comunidad de TED necesita ser más valiente.,"Yo creo que en realidad, la comunidad de TED tiene que ser mucho más valerosa."
76,Maybe I wanted to be so successful and so able to take responsibility that I would do so and I would be able to take care of my attending's patients without even having to contact him.,"Tal vez yo quería ser tan exitoso y tan capaz de asumir la responsabilidad que lo haría, y sería capaz de cuidar a mis pacientes sin tener que contactarlos.",Quizá quería ser tan exitoso de alguna manera con la tecnología que fuera capaz de asumir la responsabilidad y pudiera cuidar a mis pacientes de 10 años sin tener que preocuparme.,"Tal vez quería ser tan exitoso y capaz de asumir responsabilidades, que podría cuidar de mis pacientes sin siquiera contactar a mi jefe."
77,He had a potentially life-threatening condition called epiglottitis.,Tenía una enfermedad potencialmente mortal llamada malaria.,Tenía una enfermedad potencialmente letal llamada neumonía.,Tenía una afección potencialmente mortal llamada epigliotitis.
78,"And I want you to see, this is Fuku, a young female, and she is quietly playing with water.","Y fui a verla, esta es Foko, una joven hembra, y está jugando tranquila con el agua.","Y les diré que esta es Foko, una joven, y está jugando tranquila con el agua.","Y quiero que vean... esta es Fuku, una hembra joven, que está jugando con agua tranquilamente."
79,So the white lines here are population.,Las líneas blancas son la población.,Así que las líneas blancas son la población.,Las líneas blancas de aquí son la población.
80,"But when something like this happens, things are qualitatively changing.","Pero cuando algo como esto sucede, las cosas cambian cualitativamente.","Cuando algo así sucede, las cosas cambian cualitativamente.","Pero si ocurre algo como esto, se da un cambio cualitativo."
81,I would like to talk to you about why many ehealth projects fail.,Me gustaría hablarles de por qué muchos proyectos E-of fallan.,Me gustaría hablarles de por qué muchos proyectos fallan.,Quisiera hablarles de por qué muchos proyectos de e-salud fracasan.
82,This is Stephen Watt.,Este es Stephen Wolfram.,Este es Stephen. ¿Qué?,Este es Stephen Watt.
83,"There's no doors or windows, but when you approach it, it will open up to let you in. (Music) The roof also is covered with water.","No hay puertas o ventanas, pero cuando uno se acerca, se abre para dejarlo entrar. (Música) El tejado está cubierto de agua.","No hay puertas ni ventanas, pero cuando se acerca, si se abre, te deja entrar. (Música) El techo está cubierto de agua.","No hay puertas ni ventanas, pero cuando uno se aproxima se abre para que uno pueda pasar. (Música) El techo también está cubierto de agua."
84,"You can have each pixel having an input that comes from people, from people's movement, or so and so.","Puedes tener cada pixel con una entrada que viene de la gente, del movimiento de la gente, o algo así.",No puedes tener un movimiento de gente que venga del movimiento de gente o de los hijos de gente.,"Podemos tener cada pixel con una entrada que viene de personas, del movimiento de las personas, etc., etc."
85,"Here was some lawyer or money manager who, for the rest of his life, gets to tell people that he went into a burning building to save a living creature, just because he beat me by five seconds.","Aquí estaba un abogado o un administrador de dinero que, por el resto de su vida, podría decirle a la gente que entró en un edificio en llamas para salvar a una criatura viva, solo porque me ganó cinco segundos.","Aquí estaba un abogado, un administrador de fondos, que por el resto de su vida no le dijo a nadie que entró en un edificio en llamas, deshabilitando a una criatura viva. (Risas) Solo porque me ganó por cinco segundos.","Ahí estaba un abogado o gestor de dinero que, durante el resto de su vida, tendría que decirle a la gente que entró en un edificio en llamas para salvar a un ser vivo sólo porque me ganó por 5 segundos."
86,Announcer Six: Societal decay.,La ciencia se deteriorará.,(Risas),Locutor 6: Decadencia social.
87,"Well, the next day we were in Cleveland.","Bueno, al día siguiente estábamos en Cleveland.","Bueno, al día siguiente estábamos en Cleveland.","Bien, al día siguiente estábamos en Cleveland."
88,So some intuition that you may have developed over the years is that one thing is only in one place at a time.,Alguna intuición que pueden haber desarrollado con los años es que una cosa sólo está en un lugar a la vez.,Algunas de las intersecciones que pueden haber desarrollado con los años es que una cosa está solo en un lugar a la vez.,Cierta intuición que pueden haber desarrollado con el paso de los años es la que dice que una cosa puede estar solo en un lugar a la vez.
89,"And if your employees can't tell them apart, neither can your consumers. ""","Y si sus empleados no pueden diferenciarlos, tampoco lo harán los clientes.","Y quiero otro, y si sus empleados no pueden diferenciarlos, tampoco yo.","Y si sus empleados no pueden diferenciar, tampoco lo podrán hacer sus clientes ""."
90,"Think about that, the fact that, literally, a group of students can touch the lives of a billion people today.","Piensen en eso, el hecho de que un grupo de estudiantes puede tocar la vida de mil millones de personas hoy.","Piensen en eso, el hecho de que un grupo de estudiantes pueda tocar la vida de mil millones de personas hoy.","Piensen en eso, el hecho de que un grupo de estudiantes hoy pueda impactar la vida de mil millones de personas."
91,And Gary said that he would be willing to offer people in this audience an all-expenses-paid free vacation to the most beautiful road in the world.,"Y Gary dijo que estaría dispuesto a ofrecer a la gente de esta audiencia, con todos los gastos pagados, vacaciones gratuitas en la carretera más hermosa del mundo.",Y Gary dijo que estaría dispuesto a ofrecer a la gente en esta audiencia una vacación gratuita y pagada en el camino más hermoso del mundo.,Él me dijo que estaría dispuesto a ofrecer a las personas de esta audiencia unas vacaciones con todo pagado a la carretera más bella del mundo.
92,"We all want to be stars — celebrities, singers, comedians — and when I was younger, that seemed so very, very hard to do.","Todos queremos ser estrellas, celebridades, cantantes, comediantes, y cuando era más joven, eso me parecía muy, muy difícil de lograr.","Todos queremos ser estrellas, celebridades, cantantes, comediantes, y cuando era más joven, eso parecía muy, muy difícil de lograr.","Todos queremos ser estrellas: celebridades, cantantes, comediantes... Cuando yo era más joven, eso parecía algo muy, muy difícil."
93,You can almost always look phenomenal for under $50.,Puedes casi siempre verse fenomenal con menos de 120.,Casi siempre puedes verse fenomenal con menos.,Casi siempre te puedes ver fenomenal por menos de 50 dólares.
94,(Applause),(Risas),,Creo que esa es la orientación que tiene que cambiar.
95,"And I remember, when I was about eight or nine years old, waking up one morning, going into the living room, and all of my cousins were running around.","Recuerdo que cuando tenía unos ocho o nueve años, una mañana, al entrar en la sala, todos mis primos corrían.","Y recuerdo que cuando tenía unos 8 o 9 años, desperté una mañana, fui a la sala de estar y todos mis primos corrían por ahí.","Recuerdo cuando tenía 8 ó 9 años, me desperté una mañana, me fui a la sala y ahí estaban corriendo todos mis primos."
96,The United States now has the highest rate of incarceration in the world.,Estados Unidos ahora tiene la tasa más alta de encarcelamiento en el mundo.,Estados Unidos tiene ahora la tasa más alta de encarcelamiento en el mundo.,En EEUU tenemos la mayor tasa de encarcelamiento del mundo.
97,"What about contributions we can't even predict? The one thing I've learned at the X Prize is that small teams driven by their passion with a clear focus can do extraordinary things, things that large corporations and governments could only do in the past.","Lo único que he aprendido en el X PRIZE es que los equipos pequeños, impulsados por su pasión, con un enfoque claro, pueden hacer cosas extraordinarias, cosas que las grandes corporaciones y los gobiernos solo podían hacer en el pasado.","Lo único que aprendí en el X PRIZE es que equipos pequeños impulsados por su pasión con un enfoque claro pueden hacer cosas extraordinarias, cosas que las grandes corporaciones y los gobiernos solo podían hacer en el pasado.","Algo que aprendí con el Premio X es que equipos pequeños, guiados por su pasión con un objetivo claro, pueden hacer cosas extraordinarias; cosas que antes sólo podían hacer las grandes corporaciones y los gobiernos."
98,"You can enter inside it. And a kind of new digital beacon for the night — but most importantly, a new type of experience for anybody who will go to the top.","Puedes entrar dentro de él, y una especie de nuevo altar digital para la noche, pero más importante, un nuevo tipo de experiencia para cualquiera que vaya a la cima.","Puedes entrar dentro de él, y un nuevo tipo de cabina digital, pero lo más importante, un nuevo tipo de experiencia para cualquiera que llegue a la cima.","Uno puede entrar ahí como si fuera un nuevo faro digital en la noche, pero lo más importante es que será una nueva experiencia para cualquiera que vaya a la cima."
99,"Henry, by virtue of being assumed to be male — although I haven't told you that he's the XY one — by virtue of being assumed to be male is now liable to be drafted, which Mary does not need to worry about.","Henry, por virtud de que se supone que es hombre, aunque no les he dicho que él es el X, Y o Z, por virtud de que se supone que es hombre, ahora puede ser reclutado, lo que Mary no tiene que preocuparse.","Henry, por ser supuestamente hombre, aunque les he dicho que él es el ex-XY, por ser supuestamente hombre, está ahora sujeto a ser reclutado, algo que Mary no tiene que preocuparse.","Henry, en virtud de ser considerado hombre -si bien no les he dicho si es XY-, en virtud de ser considerado hombre ahora es pasible del enrolamiento obligatorio del que Mary no tiene que preocuparse."
100,"And over the next two or three days, it was clear that she was never going to wake up.","Y en los siguientes dos o tres días, quedó claro que ella nunca iba a despertar.","Y en los siguientes dos o tres días, quedó claro que nunca iba a despertar.",Y en los dos o tres días siguientes era evidente que nunca despertaría.
101,"But in the end, it comes down to how we interpret the world and how it can be realized on a two-dimensional surface.","Pero al final, se reduce a cómo interpretamos el mundo y cómo se puede realizar en una superficie bidimensional.","Pero al final, se refiere a cómo interpretamos el mundo y cómo podemos entenderlo desde una superficie bidimensional.",Pero al final se trata de nuestra manera de interpretar el mundo y cómo se puede percibir en una superficie bidimensional.
102,"And my friends from Honduras asked me to say thank you, TED.","Y mis amigos de Honduras me pidieron que les dijera gracias, TED.","Mis amigos de Honduras me pidieron que les dijera gracias, TED.","Y mis amigos hondureños me pidieron que dijera: ""Gracias TED""."
103,The captain waved me over.,El capitán me miró.,El capitán me observaba.,El capitán me hizo un ademán.
104,One is South Korea.,Uno es Corea del Sur.,Uno es Corea del Sur.,Uno de ellos es Corea del Sur.
105,At the time I was assigned to the cardiology service on a cardiology rotation.,"En ese momento, yo era un cirujano cardiólogo.","En ese momento, me asignaron al servicio de cardiología.",En aquel momento me asignaron al servicio de cardiología.
106,"If we fix cities, actually it's a big deal.","Si lo arreglamos, en realidad es un gran problema.","Si lo arreglamos, es algo muy importante.",Acondicionar las ciudades es algo grande.
107,"And most people get that, but they think that one is the input to the other.","Y la mayoría lo entiende, pero piensan que uno es la entrada del otro.","Y la mayoría lo entiende, pero piensan que uno es la entrada del otro.","Mucha gente lo entiende, pero piensa que uno es la entrada del otro."
108,And so that's what we did.,Y eso es lo que hicimos.,Y así lo hicimos.,Y eso fue lo que hicimos.
109,"I mean, that was epic. In fact, I scoured the headlines looking for the best headline in a newspaper I could.","Quiero decir, eso fue épico.","Quiero decir, eso fue épico.","Digo, ¿cuántos vieron la victoria en Jeopardy de Watson, de IBM? Fue épica. Busqué en los periódicos el mejor titular que hubiera."
110,And that's it. Thank you.,Y eso es todo. Gracias.,Y eso es todo. Gracias.,Y eso es todo. Gracias.
111,We're sort of on this line in a transition from the way the world used to be to some new way that the world is.,"Estamos en esta línea, en una transición de la forma en que el mundo solía ser a una nueva forma en que el mundo es.",Estamos en una transición de la forma en que el mundo era a una nueva forma en que el mundo es.,"En esta línea estamos en una transición de lo que solía ser el mundo, a una nueva forma."
112,"You see, aluminum was the most valuable metal on the planet, worth more than gold and platinum.","El aluminio era el metal más valioso del planeta, valía más que el oro y el platino.","El aluminio era el metal más valioso del planeta, valía más que el oro y el platino.","Ya ven, el aluminio era el metal más valioso del planeta; valía más que el oro y el platino."
113,"But otherwise, you are a wonderful environment for those bacteria, just as they are essential to your life.","Pero de lo contrario, eres un ambiente maravilloso para esas bacterias, así como ellas son esenciales para tu vida.","Pero de lo contrario, eres un ambiente maravilloso para esas bacterias, que son esenciales para tu vida.","Pero, por lo demás, somos un entorno maravilloso para esas bacterias del mismo modo que ellas son esenciales para nuestra vida."
114,"Like most adults on the boat, my mother carried a small bottle of poison.","Como la mayoría de los adultos en el barco, mi madre llevaba una pequeña botella de veneno.","Como la mayoría de los adultos en el barco, mi madre llevaba una botella pequeña de veneno.","Como la mayoría de los adultos, my madre llevaba un frasquito con veneno."
115,(Applause),(Risas),,(Aplausos)
116,"In the entire city for the past five years, there's no billboards, there's no posters, there's no flyers, nothing. (Applause) And we went to school districts where now companies are making their way into cash-strapped schools all across America. What's incredible for me is the projects that I've gotten the most feedback out of, or I've had the most success in, are ones where I've interacted with things directly.","En toda la ciudad, durante los últimos 5 años, no hay anuncios, no hay carteles, no hay volantes, nada. (Aplausos) Y fuimos a los distritos escolares donde ahora las empresas están entrando a las escuelas cerradas en todo EE.UU. Lo que es increíble para mí es que los proyectos que he recibido más comentarios, que he tenido más éxito, son aquellos en los que he interactuado directamente con las cosas.","Y durante los últimos 5 años, no hay carteles, no hay carteles, no hay volantes, nada. (Aplausos) Y fuimos al distrito escolar, donde ahora las empresas están entrando a las escuelas de todo EE.UU. Lo que es increíble para mí son los proyectos que han recibido más comentarios, que han tenido más éxito, y son aquellos en los que he interactuado directamente con las cosas.","En toda la ciudad durante los últimos 5 años no hay vallas, no hay carteles, no hay volantes, nada. (Aplausos) Y fuimos a distritos escolares en los que las empresas están haciéndose camino en las escuelas con problemas de liquidez en EE.UU. Lo increíble para mí es que los proyectos en los cuales he tenido la mayor respuesta o en los que he tenido más éxito son aquellos en los que he interactuado con cosas directamente."
117,"I've come to understand the sentiments of George Burns, who was performing still in Las Vegas well into his 90s.","He llegado a entender los sentimientos de George Burns, que estaba actuando en Las Vegas hasta bien entrados los 90.","He llegado a entender los sentimientos de George Burns, que actuaba todavía en Las Vegas a los 90 años.","Llegué a comprender los sentimientos de George Burns, que aún actuaba en Las Vegas bien entrado en sus 90 años."
118,"That in order for people to understand the differences between the choices, they have to be able to understand the consequences associated with each choice, and that the consequences need to be felt in a vivid sort of way, in a very concrete way. Why do people spend an average of 15 to 30 percent more when they use an ATM card or a credit card as opposed to cash?","Que para que la gente pueda entender las diferencias entre las opciones, tienen que ser capaces de entender las consecuencias asociadas con cada opción, y que las consecuencias tienen que ser sentidas de una manera muy concreta, de una manera muy vívida. ¿Por qué la gente gasta un promedio de 15 a 30% más cuando usan una tarjeta de crédito o una tarjeta de débito que cuando usan efectivo?","Para que la gente entienda las diferencias entre las opciones, tienen que ser capaces de entender las consecuencias asociadas con cada opción, y que las consecuencias deben ser sentidas de manera abierta y muy concreta. ¿Por qué la gente gasta un promedio de 15 a 30% más cuando usan una tarjeta de débito que cuando usan una tarjeta de crédito?","Para que la gente entienda las diferencias entre opciones, tienen que comprender las consecuencias de cada opción, y que las consecuencias deben sentirse de manera muy vívida, muy concreta. ¿Por qué razón la gente gasta 15% a 30% más en promedio cuando usa tarjetas de débito o crédito, que cuando usa efectivo?"
119,And this game has been played by university professors and so forth.,Y este juego ha sido jugado por profesores universitarios y demás.,Y este juego ha sido jugado por profesores universitarios y demás.,"Han jugado con esto profesores universitarios, entre otros."
120,"We want to encourage a world of creators, of inventors, of contributors, because this world that we live in, this interactive world, is ours.","Queremos fomentar un mundo de creadores, de inventores, de colaboradores, porque este mundo en el que vivimos, este mundo interactivo, es nuestro.","Queremos fomentar un mundo de creadores, de inventores, de colaboradores, porque este mundo en el que vivimos, este mundo interactivo, es nuestro.","Queremos alentar un mundo de creadores, inventores y colaboradores porque este mundo en el que vivimos, este mundo interactivo, es nuestro."
121,"I'm going to actually get to one of my favorites, the Metropolitan Museum of Art in New York.","Voy a llegar a uno de mis favoritos, el Museo Metropolitano de Arte de Nueva York.","Voy a llegar a uno de mis favoritos, el Museo Metropolitano de Arte de Nueva York.","De hecho voy a entrar en uno de mis favoritos, al Metropolitan, el museo de arte de Nueva York."
122,"So the system is evolving to create backups that make it easier to detect those mistakes that humans inevitably make and also fosters in a loving, supportive way places where everybody who is observing in the health care system can actually point out things that could be potential mistakes and is rewarded for doing so, and especially people like me, when we do make mistakes, we're rewarded for coming clean.","Así que el sistema está evolucionando para crear retroalimentación que haga más fácil detectar esos errores que los humanos inevitablemente cometemos, y también fomenta, de una manera amorosa y apoyadora, lugares donde todos los que están observando en el sistema de salud pueden señalar cosas que podrían ser errores potenciales, y se les recompensa por hacerlo, y especialmente a personas como yo, cuando cometemos errores, se nos recompensa por salir limpios.","Así que el sistema se ha evolucionado para crear señales que faciliten la detección de esos errores que los humanos inevitablemente cometemos, y también fomenta, de manera amorosa, lugares donde todo el mundo puede venir a observar el sistema de salud y realmente señalar cosas que podrían ser errores potenciales, y es recompensado por hacerlo uno mismo, y especialmente a personas como yo, cuando cometemos errores, se nos recompensa por estar limpios.","Pero el sistema está evolucionando para crear soportes que permitan detectar de manera simple esos errores que inevitablemente cometemos los humanos. Y además promover el apoyo y el cariño, espacios desde donde lo que observen en el sistema de salud, puedan detectar errores potenciales y ser recompensados por eso; especialmente a personas como yo, para que al cometer errores seamos retribuidos por admitirlos."
123,"After three months in a refugee camp, we landed in Melbourne.","Después de tres meses en un campo de refugiados, llegamos a Melbourne.","Después de tres meses en un campo de refugiados, aterrizamos en Nairobi.","Luego de tres meses en un campo de refugiados, desembarcamos en Melbourne."
124,"So, sir, can you help me? I need help.","Así que, ¿me pueden ayudar? Necesito ayuda.","Entonces, ¿me van a ayudar?","Así, ¿me ayudan? Necesito ayuda."
125,"Let's starting with sensing. Well, the first project I wanted to share with you is actually one of the first projects by our lab.","Bueno, el primer proyecto que quiero compartir con Uds. es uno de los primeros proyectos de nuestro laboratorio.","Empecemos con la percepción. Bueno, el primer proyecto que quiero compartir con Uds. es uno de los primeros proyectos de nuestro laboratorio.",Empecemos con la detección. El primer proyecto que quería compartir con Uds. es en verdad uno de los primeros proyectos de nuestro laboratorio.
126,We select a few fellows every year and we have them work with city governments.,Seleccionamos unos pocos cada año y los hacemos trabajar con los gobiernos de las ciudades.,Seleccionamos unos pocos cada año y los hacemos trabajar con los gobiernos de las ciudades.,Seleccionamos algunos miembros cada año y los pusimos a trabajar con los municipios.
127,And so this approach holds for anything new that we do creatively.,Este enfoque se aplica a todo lo nuevo que creamos.,Y este enfoque se aplica a todo lo nuevo que creamos.,Por eso este enfoque vale para todo lo nuevo que hacemos de forma creativa.
128,"I believe that when you push people away from that, you're pushing them more towards failure.","Creo que cuando alejas a la gente de eso, los alejas más hacia el fracaso.","Creo que cuando alejas a la gente de eso, la alejas más hacia el fracaso.",Creo que cuando uno saca a la gente de eso los está empujando al fracaso.
129,"For a year, we were penniless.",Durante un año no teníamos dinero.,Durante un año no teníamos un centavo.,Por un año no tuvimos un centavo.
130,"So we have the concept that what it means to be a woman is to have a female identity; what it means to be a black person is, allegedly, to have an African anatomy in terms of your history.","Así que tenemos el concepto de que lo que significa ser mujer es tener una identidad femenina, lo que significa ser una persona negra es, supuestamente, tener una anatomía africana en términos de su historia.","Así que tenemos el concepto de que lo que significa ser mujer es tener una identidad femenina. Lo que significa ser una persona negra, supuestamente, es tener una anatomía africana en términos de tu historia.","Tenemos la idea de que ser mujer es tener identidad femenina; supuestamente, ser negro quiere decir tener anatomía africana en términos históricos."
131,So he's getting citizens to check on them.,Así que está haciendo que los ciudadanos los revisen.,Así que se sienta y los revisa.,Por eso le pide a los ciudadanos que las controlen.
132,Thank you.,Gracias.,Gracias. (Aplausos),Gracias.
133,And these are the questions that we have to worry about for the next 50 years.,Y estas son las preguntas que tenemos que preocuparnos en los próximos 50 años.,Y estas son las preguntas que tenemos que hacerse durante los próximos 50 años.,Estas son las preguntas que nos deben preocupar en los próximos 50 años.
134,So Scott was speaking person-to-person.,Scott estaba hablando de persona a persona.,Scott estaba hablando de persona a persona.,Scott estaba hablando en persona.
135,"It senses what I want to do, where I want to go, and then augments my strength and endurance.","Detecta lo que quiero hacer, a dónde quiero ir, y luego aumenta mi fuerza y resistencia.","Siente lo que quiero hacer, dónde quiero ir, y luego aumenta mi fuerza y resistencia.","Percibe lo que quiero hacer, o a dónde quiero ir, y luego aumenta mi fuerza y mi resistencia."
136,"Well it was a Friday, this is true.","Bueno, era viernes, eso es verdad.","Bueno, era un viernes. Es verdad.","Bueno, era viernes, es verdad."
137,Photos where you will need a brief moment to think to figure out the trick.,"Fotografías donde necesitamos un momento para pensar, para descubrir el truco.","Las fotos requieren un breve momento para pensar, para averiguar el truco.",Fotos en las que uno tendrá que pensar un momento para descubrir el truco.
138,"They will even use tools like State Trojan to infect your computer with a Trojan, which enables them to watch all your communication, to listen to your online discussions, to collect your passwords.","Incluso usan herramientas como Stuxnet para infectar tu computadora con un troyano, que les permite ver toda tu comunicación, escuchar tus discusiones en línea, recoger tus contraseñas.","Incluso usan herramientas como Stuxnet para infectar tu computadora con un troyano, lo que les permite ver todas tus comunicaciones, escuchar tus discusiones en línea, recoger tus contraseñas.","Usarán incluso herramientas como el troyano Scuinst para infectar nuestra computadora con un troyano para permitirles ver toda la comunicación, y escuchar las discusiones en línea, para obtener nuestros datos."
139,I was trying to preserve the body.,Trataba de preservar el cuerpo.,Estaba tratando de preservar el cuerpo.,Estaba tratando de preservar el cuerpo.
140,I get to meet all kinds of great people; my dollars usually go to a good cause; I look pretty unique; and it makes shopping like my own personal treasure hunt.,"Conozco todo tipo de personas geniales, mis dólares por lo general van a una buena causa, me veo muy única, y hace que comprar sea como mi propio tesoro personal.","Conozco a todo tipo de personas geniales, mis dólares suelen ir a una buena causa, me veo muy única, y hace que comprar sea mi propio tesoro.",Llego a conocer personas interesantísimas; por lo general mi dinero va a una buena causa; Mi aspecto es único; y comprar se convierte en mi búsqueda personal de tesoros.
141,Eating an entire bowl of Cool Whip. (Laughter) That's very risky.,Comer todo un tazón de helado. (Risas) Eso es muy arriesgado.,Comer todo un tazón de helado. (Risas) (Aplausos) Eso es muy arriesgado.,Comerse un tazón entero de Cool Whip. (Risas) Eso es muy arriesgado.
142,But it is also the aging population that is multiplying in numbers.,Pero también está la población envejeciente que se multiplica en número.,Pero también es el aumento de la población lo que multiplica los números.,También hablamos de la población que envejece que se multiplica rápidamente.
143,"This is Matthew Anderson, Tariq Al-Daour and so on and so on.","Este es Matthew Anderson, Tariq Al-Daher, y así sucesivamente.","Aquí está Mark Ronson, Parikrma Desai, y así sucesivamente.","Estos son Matthew Anderson, Tariq Al-Daour etc., etc., etc."
144,"He talked to the family, and I'm quite sure that he smoothed things over and made sure that I didn't get sued.","Habló con la familia, y estoy bastante seguro de que acaloró las cosas y se aseguró de que yo no me fuera.","""Habló con la familia y les aseguró: """"Estoy seguro de que esto se acabará"""". Y les aseguró: """"Ni siquiera lo he visto.""",Habló con la familia y estoy seguro que suavizó las cosas y se aseguró de que no me demandaran.
145,"They're more likely to make worse choices — worse financial choices, medical choices.","Son más propensos a tomar peores decisiones, peores decisiones financieras, decisiones médicas.","Son más propensos a tomar peores decisiones, decisiones financieras y médicas.",Es más probable que tomen las peores decisiones; en las finanzas y en la salud.
146,So I've got now a new generation of programs that are produced by combinations of the programs that did a little bit better job.,Así que ahora tengo una nueva generación de programas que son producidos por combinaciones de los programas que hicieron un trabajo un poco mejor.,Así que ahora tengo una nueva generación de programas producidos por combinaciones de los programas que hicieron un mejor trabajo.,Así conseguimos una nueva generación de programas producto de las combinaciones de programas que tuvieron un poco más de éxito.
147,"And if there's a bit of wind, if you want to minimize splashing, you can actually lower the roof.","Y si hay un poco de viento, si quieres minimizar el chapoteo, puedes bajar el techo.","Y si quieres minimizar el flash, puedes ir sobre el techo.","Y si hay un poco de viento, si se quieren minimizar las salpicaduras, se baja el techo."
148,"When you turn on the light, actually you see this.","Cuando enciendes la luz, seguramente veas esto.",Necesitamos encender la luz para ver esto.,"Cuando se enciende la luz, se ve esto."
149,"Other than writing a check, what could we do?","Aparte de escribir un cheque, ¿qué podríamos hacer?","Aparte de escribir un cheque, ¿qué podríamos hacer?",Algo que no sea un cheque. ¿Qué podemos hacer?
150,"And as a consequence, we have to struggle with this really difficult question about who's dead, and this leads us to a really difficult situation where we don't have such simple categories as we've had before.","Y como consecuencia, nos quedamos con la dificultad de tener que luchar con esta pregunta realmente difícil: ¿Quién está muerto? Y esto nos lleva a una situación realmente difícil donde no tenemos categorías tan simples como antes.","Y como consecuencia, estamos atrapados en la lucha con esta pregunta realmente difícil sobre quién está muerto, y esto nos lleva a una situación realmente difícil donde no tenemos categorías tan simples como antes.","Y, como consecuencia, debemos enfrentarnos al dilema de determinar realmente la muerte de alguien. Y esto nos coloca en una situación difícil en la que no tenemos las categorías simples del pasado."
151,"Early afternoon, people here and there, making calls and moving.","Temprano por la tarde, la gente aquí y allá haciendo llamadas y moviéndose.","Por la tarde, la gente aquí y allá haciendo llamadas y moviéndose.","Por la tarde temprano hay gente por aquí y allá haciendo llamadas, moviéndose."
152,So get in the game. Save the shoes.,"Así que entren en el juego, salven los zapatos.","Así que entren al juego, salven los zapatos.",Así que entren al juego; salven los zapatos.
153,"We're near the end, we're getting close to the World Series.",Nos estamos acercando a la teoría del mundo.,"Estamos aquí al final, cerca de las teorías del mundo.","Estamos cerca de la final, se aproxima la Serie Mundial."
154,But somehow we can insulate ourselves from this problem.,"Pero de alguna manera, podemos insularnos de este problema.",Pero de alguna manera podemos liberarnos de este problema.,Pero de alguna manera nos aislamos del problema.
155,"We found her one, we got her there, and we took care of her and watched over her family, because it was necessary. It's something we knew how to do.","La encontramos, la llevamos allí, y la cuidamos y cuidamos de su familia, porque era necesario, es algo que sabíamos hacer.","La encontramos, la llevamos allí, y la cuidamos y vigilamos a su familia porque era necesario, era algo que sabíamos hacer.","Le encontramos un lugar, la internamos, y la cuidamos y nos encargamos de su familia, porque era necesario, es algo que sabíamos cómo hacer."
156,Another thing that's actually really important to me is creating content that is Indian and yet very contemporary.,Otra cosa que es muy importante para mí es crear contenido que sea indio y a la vez muy contemporáneo.,Otra cosa que es realmente importante para mí es crear contenido que sea indio y a la vez muy contemporáneo.,Otro aspecto sumamente importante para mí es crear contenido indio y a la vez contemporáneo.
157,"I became enamored of the power of evolution, and I realized something very fundamental: in most of the existence of life in single-celled organisms, each cell simply divides, and all of the genetic energy of that cell is carried on in both daughter cells.","Me enamoré del poder de la evolución y me di cuenta de algo muy fundamental: en la mayor parte de la existencia de la vida en organismos unicelulares, cada célula simplemente se divide, y toda la energía genética de esa célula se transmite en ambas células hijas.","Me convertí en un admirador del poder de la evolución, y me di cuenta de algo muy fundamental: en la mayoría de la existencia de la vida, en organismos unicelulares, cada célula simplemente se divide, y toda la energía genética de esa célula se lleva en ambas células hijas.","Me enamoré del poder de la evolución y me di cuenta de algo fundamental: en la mayoría de la existencia de la vida, en los organismos unicelulares, cada célula sencillamente se divide y toda la energía genética de esa célula se transmite a las dos células hijas."
158,"And in this case, a neighbor saw it.","Y en este caso, un vecino lo vio.","En este caso, un vecino lo vio.","En este caso, lo vio un vecino."
159,Three billion new minds who have never been heard from before are connecting to the global conversation. What will these people want? What will they consume? What will they desire?,Tres mil millones de nuevas mentes que nunca han sido escuchadas antes se están conectando a la conversación global. ¿Qué querrán estas personas? ¿Qué consumirán? ¿Qué desearán?,"Tres mil millones de nuevas mentes, que nunca han sido escuchadas antes, se están conectando a la conversación global. ¿Qué querrán estas personas? ¿Qué consumirán? ¿Qué desearán?",Tres mil millones de mentes nunca antes oídas que se suman a la conversación global. ¿Qué querrán estas personas? ¿Qué consumirán? ¿Qué deseos tendrán?
160,And so I want to talk about the power of identity.,Así que quiero hablar del poder de la identidad.,Quiero hablar de ese poder de la identidad.,Por esto quiero hablar del poder de la identidad.
161,Groups like Anonymous have risen up over the last 12 months and have become a major player in the field of online attacks.,Grupos como Anonymous han crecido en los últimos 12 meses y se han convertido en un actor importante en el campo de los ataques en línea.,Grupos como Anonymous han crecido en los últimos 12 meses y se han convertido en un actor importante en el campo de los ataques cibernéticos.,Grupos como Anonymous han descollado en los últimos 12 meses ocupando un papel destacado en los ataques en línea.
162,MS: And actually we show the whole process of how does it work.,Y en realidad mostramos el proceso completo de cómo funciona.,"Y en realidad, mostramos todo el proceso de cómo funciona.",MS: Y en realidad mostramos el proceso completo de cómo funciona.
163,"If we look at what's really happening in the online world, we can group the attacks based on the attackers.","Si miramos lo que realmente sucede en el mundo virtual, podemos agrupar los ataques en función de los atacantes.",Podemos agrupar los ataques en función del atacante.,Si vemos lo que pasa en el mundo en línea podemos agrupar los ataques según sus atacantes.
164,Thank you.,Gracias.,Gracias.,Gracias.
165,"They had over 75 different kinds of olive oil, including those that were in a locked case that came from thousand-year-old olive trees.","Tenían más de 75 tipos diferentes de aceite de oliva, incluyendo aquellos que estaban en una caja sellada que provenían de árboles de oliva de mil años.","Tenían más de 75 tipos diferentes de aceite de oliva, incluyendo aceite de oliva de una cueva sellada que provenía de árboles de oliva de mil años.","Tenían más de 75 clases diferentes, incluyendo las que estaban en caja sellada que provenían de árboles milenarios."
166,"Not every day is going to offer us a chance to save somebody's life, but every day offers us an opportunity to affect one.","No todos los días vamos a tener la oportunidad de salvar la vida de alguien, pero todos los días tenemos la oportunidad de cambiar la de alguien.","No todos los días vamos a tener la oportunidad de salvar la vida de alguien, pero todos los días nos ofrecen la oportunidad de afectar la vida de alguien.",No todos los días vamos a tener la oportunidad de salvar la vida de alguien pero cada día vamos a poder influir la vida de alguien.
167,Wednesday: Embrace your inner child.,Miércoles: acepta a tu niño interior.,Cuando abracen a su niño interior.,Miércoles: Guíate del niño que llevas dentro.
168,"For those people who actually want to choose, they're given 20 funds, not 300 or more funds.","Para aquellas personas que realmente quieren elegir, se les dan 20 fondos, no 300 fondos.","Pero para quienes realmente quieren elegir, se les dan 25 fondos, no 300.","A quienes verdaderamente desean escoger, se les ofrecen 20 fondos, no 300 o más."
169,"You see, aluminum was the most valuable metal on the planet, worth more than gold and platinum.","El aluminio era el metal más valioso del planeta, valía más que el oro y el platino.","El aluminio era el metal más valioso del planeta, valía más que el oro y el platino.","Ya ven, el aluminio era el metal más valioso del planeta; valía más que el oro y el platino."
170,"For those of you who are truly interested in art, you can click this — but I'm going to click this off right now.","Para aquellos de ustedes que están realmente interesados en arte, pueden hacer clic en esto, pero voy a hacer clic en esto ahora.","Para aquellos de ustedes que realmente estén interesados en el arte, pueden hacer clic en esto, pero ahora voy a apagar esto.","Para aquellos de ustedes que estén verdaderamente interesados en el arte, pueden hacer clic ahí; pero yo voy a hacer clic aquí ahora mismo."
171,"So we formed a team, a great team of people, and we started doing this.","Así que formamos un equipo, un gran equipo de personas, y empezamos a hacer esto.","Así que formamos un equipo, un gran equipo de personas, y empezamos a hacer esto.","Así que formamos un equipo, un gran equipo de personas, y empezamos a hacerlo."
172,"I don't know if you know this, but bacteria can actually exchange DNA.","No sé si lo saben, pero las bacterias pueden intercambiar ADN.","Y quizá lo sepan, pero las bacterias pueden intercambiar genes.","No sé si lo saben, pero las bacterias pueden intercambiar ADN."
173,"When I was a little girl, my grandfather gave me his little silver pocket watch.","Cuando era una niña, mi abuelo me dio su pequeño reloj de bolsillo de plata.","Cuando era una niña, mi abuelo me dio su pequeño reloj de bolsillo de plata.",De niña mi abuelo me regaló su relojito plateado de bolsillo.
174,"And I went through the same period of shame and recriminations and felt cleansed and went back to work, until it happened again and again and again.",Y pasé por el mismo período de vergüenza y recriminaciones y me sentí limpia y volví a trabajar hasta que sucedió otra vez y otra vez y otra vez.,"Y pasé por la misma teoría de la vergüenza y la culpa y me sentí limpia y volví a trabajar, hasta que sucedió otra vez y otra vez y otra vez.","Y atravesé el mismo período de vergüenza y reproches, luego me alivié y regresé a trabajar, hasta que sucedió una y otra vez, y otra vez."
175,"In 1972, there were 300,000 people in jails and prisons.",En 1972 había 300 000 personas en las cárceles.,"En 1972, había 300 000 personas en las cárceles.",En 1972 había 300.000 presos.
176,"Consider, first, the reality that people today, in some cultures, are making choices about their offspring.","Consideren primero la realidad de que la gente hoy, en algunas culturas, está tomando decisiones sobre sus hijos.",Consideren primero la realidad de que la gente hoy en día en algunas culturas está tomando decisiones sobre sus hijos.,"Primero consideremos la realidad de que muchas personas hoy, en algunas culturas, están tomando decisiones respecto de su descendencia."
177,Thank you.,Gracias.,Gracias.,Gracias.
178,"I call it neo-evolution — the new evolution that is not simply natural, but guided and chosen by us as individuals in the choices that we will make.","Lo llamo neo-evolución, la nueva evolución que no es simplemente natural, sino guiada y elegida por nosotros como individuos en las elecciones que haremos.","Lo llamo neo-evolución, la nueva evolución que no es simplemente natural, sino guiada y elegida por nosotros como individuos en las decisiones que tomaremos.","La denomino « neo-evolución », la nueva evolución, que no es simplemente natural... sino guiada y elegida por nosotros como individuos en las decisiones que tomaremos."
179,"And I remember, when I was about eight or nine years old, waking up one morning, going into the living room, and all of my cousins were running around.","Recuerdo que cuando tenía unos ocho o nueve años, una mañana, al entrar en la sala, todos mis primos corrían.","Y recuerdo que cuando tenía unos 8 o 9 años, desperté una mañana, fui a la sala de estar y todos mis primos corrían por ahí.","Recuerdo cuando tenía 8 ó 9 años, me desperté una mañana, me fui a la sala y ahí estaban corriendo todos mis primos."
180,The other thing we did is we flew seven programmers from all over the world — literally every corner of the world — into our house.,"La otra cosa que hicimos fue llevar a siete programadores de todo el mundo, literalmente de cada rincón del mundo, a nuestra casa.","Lo otro que hicimos fue llevar a siete programadores de todo el mundo, literalmente de todos los rincones del mundo, a nuestra casa.",La otra cosa que hicimos fue traer a siete programadores de todo el mundo -literalmente de todos los rincones del planeta- a nuestra casa.
181,Now we do the same with airplanes.,Ahora hacemos lo mismo con los aviones.,Ahora hacemos lo mismo con los planeadores.,Ahora lo hacemos con aviones.
182,And these women would get together and just talk.,Estas mujeres se reunían y hablaban.,Y estas mujeres se reunían y hablaban.,Estas mujeres se reunían simplemente para hablar.
183,I was giving some lectures in Germany about the death penalty.,Estaba dando una conferencia en Alemania sobre la pena de muerte.,"Estaba dando esta conferencia en Alemania, algunas conferencias en Alemania sobre la pena de muerte.",Estuve en Alemania dando conferencias sobre la pena de muerte.
184,"If you have something to give, give it now.","Si tienen algo que dar, denlo ahora.","Si tienen algo que dar, denlo ahora.","Si tienen algo para dar, denlo ahora."
185,So it's feeding back on itself.,Así que se está devorándose a sí mismo.,Está comiendo de sí mismo.,"O sea, se retroalimenta."
186,"Now I'm going to describe to you a study I did with Gur Huberman, Emir Kamenica, Wei Jang where we looked at the retirement savings decisions of nearly a million Americans from about 650 plans all in the U.S. And what we looked at was whether the number of fund offerings available in a retirement savings plan, the 401 (k) plan, does that affect people's likelihood to save more for tomorrow.","Este es el estudio que hice con Gur Huberman, y ahora voy a describirles un estudio que hice con Gur Huberman, Amir Kaminsky, Wei Jiang, donde observamos las decisiones de ahorro de retiro de casi un millón de estadounidenses de cerca de 650 planes, todos en EE.UU. Y lo que observamos fue si el número de ofertas de fondos disponibles en un plan de retiro, el plan 403 (b), no afecta la probabilidad de que la gente ahorre más para mañana.","Este es un estudio que hice con Gur Huberman, Amikam Nachmani y Yaacov Gani, donde observamos las decisiones de ahorro de retiro de casi un millón de estadounidenses de unos 650 planes, todos en EE.UU. Y lo que observamos fue el número de fondos disponibles en un plan de retiro, un plan 403 (b), si eso afecta la probabilidad de que la gente ahorre más para el futuro.","Voy a describirles un estudio que hice con Gur Huberman, Emir Kamenica y Wei Jang, en el que observamos las decisiones sobre ahorros para la jubilación de cerca de un millón de estadounidenses, de entre unos 650 planes de este país. Nos interesaba ver si el número de ofertas de fondos disponibles en planes de ahorros para jubilación, el programa 401 (k), desmotivaba a la gente a ahorrar para el futuro."
187,MS: And that's a multi-million dollar corporation. What about me? What about a regular guy?,Y esa es una corporación multimillonaria. ¿Qué pasa conmigo? ¿Qué pasa con un tipo normal?,Y esa es una corporación multimillonaria. ¿Qué pasa conmigo? ¿Qué pasa con un tipo normal?,MS: Y esa es una empresa multimillonaria. ¿Qué hay de mí? ¿Qué hay de un tipo común?
188,"And I started working on this motion, and the head of the motion was: ""Motion to try my poor, 14-year-old black male client like a privileged, white 75-year-old corporate executive.""","Y empecé a trabajar en este movimiento, y la cabeza del movimiento era un movimiento para tratar a mi pobre cliente negro de 14 años como un ejecutivo corporativo blanco privilegiado de 75 años.","Así que empezamos este movimiento, y la cabeza del movimiento era un movimiento para tratar a mi pobre cliente negro de 14 años como un privilegiado ejecutivo corporativo blanco de 75 años.","Comencé a trabajar en la moción, con un encabezamiento que decía: ""Moción para que mi cliente negro de 14 años sea tratado como un blanco privilegiado de 75 años, ejecutivo de una corporación""."
189,"I like to smile and say, ""Thank you.""","""Me gusta sonreír y decir: """"Gracias"""".""",Me gusta sonreír y decir gracias.,"Me gusta sonreírles y decirles: ""Gracias""."
190,Maybe I didn't want to be a high-maintenance resident.,Tal vez no quería ser un presidente de alto mantenimiento.,Tal vez no quería ser un residente de Himeji.,Quizá no quería ser un residente que requiriera atención constante.
191,You can almost always look phenomenal for under $50.,Puedes casi siempre verse fenomenal con menos de 120.,Casi siempre puedes verse fenomenal con menos.,Casi siempre te puedes ver fenomenal por menos de 50 dólares.
192,"Number one, how smooth it is — through good time and bad time, war time and peace time, recession, depression and boom time.","Número uno: qué tan suave es a través de buenos y malos tiempos, tiempos de guerra y de paz, recesión, depresión y tiempos de auge.","Número uno: lo suave que es. A través de tiempos de paz y tiempos de guerra, de recesión y de auge.","Primero, lo suave que es... en buenos y malos tiempos, en la guerra y en la paz, en recesión, en depresión y en auge."
193,"If all the answers are yes, I feel as though I've won.","Si todas las respuestas son sí, me siento como si hubiera ganado.","20 dólares, si todas las respuestas son sí, me siento como si hubiera ganado.","Si todas las respuestas son positivas, entonces siento que he ganado."
194,These will be irresistible.,Estos serán irresistibles.,Estos serán irresistibles.,Esto va a ser irresistible.
195,"If it stopped twitching, you bury them.","Si deja de moverse, los entierras.","Si se detuvieran a mirarlos, los verían.",Si dejaba de moverse lo enterraban.
196,"Think also, if it were possible ever for you to choose, not simply to choose the sex of your child, but for you in your body to make the genetic adjustments that would cure or prevent diseases. What if you could make the genetic changes to eliminate diabetes or Alzheimer's or reduce the risk of cancer or eliminate stroke? Wouldn't you want to make those changes in your genes?","Piensen también si fuera posible, alguna vez, para Uds., no solo elegir el sexo de su hijo, sino para Uds., en su cuerpo, hacer los ajustes genéticos que curarían o prevenir las enfermedades. ¿Qué pasaría si pudieran hacer los cambios genéticos para eliminar la diabetes, o el Alzheimer, o reducir el riesgo de cáncer, o eliminar los derrame cerebrales? ¿No querrían Uds. hacer esos cambios en sus genes?","Piensen también, si fuera posible, que no solo elijan el sexo de su hijo, sino que en su cuerpo hagan los ajustes genéticos que curarían o preveniran enfermedades. ¿Qué pasaría si pudieran hacer los cambios genéticos para eliminar la diabetes o el Alzheimer o reducir el riesgo de cáncer o evitar el derrame cerebral? ¿No querrían hacer esos cambios en sus genes?","Piensen también que si acaso fuera posible poder elegir no sólo el sexo de su descendencia, sino, en su propio cuerpo hacer los ajustes genéticos para curar o prevenir enfermedades. ¿Y si pudiéramos hacer los cambios genéticos para eliminar la diabetes o el Alzheimer o reducir el riesgo de cáncer o eliminar la apoplejía? ¿No querrían hacer esos cambios en sus genes?"
197,"He said, ""When we were in Eastern Europe and dealing with oppression, we wanted all kinds of things, but mostly what we needed was hope, an orientation of the spirit, a willingness to sometimes be in hopeless places and be a witness.""","""Dijo: """"Cuando estábamos en Europa oriental y tratando con la opresión, queríamos todo tipo de cosas, pero sobre todo lo que necesitábamos era esperanza, una orientación del espíritu, una voluntad de estar a veces en lugares sin esperanza y ser testigo.""","""Él dijo: """"Cuando estábamos en Europa del Este y tratábamos con la opresión, queríamos todo tipo de cosas, pero sobre todo lo que necesitábamos era esperanza y orientación del espíritu, una voluntad de a veces estar en lugares sin esperanza para ser testigo.""","Dijo: ""Cuando estábamos en Europa Oriental sufriendo la opresión, deseábamos toda clase de cosas, pero principalmente lo que necesitábamos era esperanza, orientación para el espíritu, una voluntad por estar en sitios de desesperanza y ser testigos""."
198,"In fact, we now know that sex is complicated enough that we have to admit: Nature doesn't draw the line for us between male and female, or between male and intersex and female and intersex; we actually draw that line on nature.","De hecho, ahora sabemos que el sexo es lo suficientemente complicado que tenemos que admitir que la naturaleza no dibuja la línea entre masculino y femenino, o entre masculino e intersexo y femenino e intersexo.","De hecho, ahora sabemos que el sexo es lo suficientemente complicado que tenemos que admitir que la naturaleza no dibuja las líneas entre masculino y femenino, o entre masculino y intersex y femenino y intersex, en realidad dibujamos esa línea en la naturaleza.","De hecho, ahora sabemos que el sexo es tan complicado que tenemos que admitir que la Naturaleza no traza una línea tajante entre hombres y mujeres o entre hombres e intersexuales y mujeres e intersexuales; somos nosotros quienes trazamos esa línea."
199,"When I think about creating abundance, it's not about creating a life of luxury for everybody on this planet; it's about creating a life of possibility.","Cuando pienso en la creación de abundancia, no se trata de crear una vida de lujo para el planeta, se trata de crear una vida de posibilidades.","Cuando pienso en la abundancia, no se trata de crear una vida de lujo para el planeta Tierra, se trata de crear una vida de posibilidades.","Cuando pienso en crear abundancia, no significa crear vida lujosa para cada habitante del planeta; se trata de crear una vida de lo posible."
